{"cameraMode":{"drawMode":0,"name":"Shaded","section":"Shading Mode"},"sceneLighting":false,"audioPlay":false,"sceneViewState":{"m_AlwaysRefresh":false,"showFog":true,"showSkybox":false,"showFlares":true,"showImageEffects":true,"showParticleSystems":true,"showVisualEffectGraphs":true,"m_FxEnabled":true},"in2DMode":false,"pivot":{"x":-0.47558873891830447,"y":-0.09733891487121582,"z":-0.8156895637512207},"rotation":{"x":0.001109028933569789,"y":0.9889693856239319,"z":-0.14795100688934327,"w":0.007417058106511831},"size":4.344277858734131,"orthographic":false}