{"cameraMode":{"drawMode":0,"name":"Shaded","section":"Shading Mode"},"sceneLighting":false,"audioPlay":false,"sceneViewState":{"m_AlwaysRefresh":false,"showFog":true,"showSkybox":false,"showFlares":true,"showImageEffects":true,"showParticleSystems":true,"showVisualEffectGraphs":true,"m_FxEnabled":true},"in2DMode":false,"pivot":{"x":21.774206161499025,"y":8.274500846862793,"z":31.106983184814454},"rotation":{"x":-0.0058701722882688049,"y":0.9848303198814392,"z":-0.17006684839725495,"w":-0.03399043530225754},"size":0.808411180973053,"orthographic":false}